{
  "min": 0.01791079342365265,
  "mean": 0.2253708392381668,
  "median": 0.05852292478084564,
  "max": 0.9999996423721313,
  "n_above_03": 231,
  "n_above_05": 162,
  "n_above_07": 82,
  "n_above_09": 9,
  "n_total": 784
}