{
  "num_steps": 10,
  "decision_step": 1,
  "redundant_steps": 9,
  "savings_percent": 90.0,
  "total_kl": 0.34417881548870355,
  "kl_at_decision": 0.3291918933391571,
  "kl_series": [
    0.3291918933391571,
    0.002694636583328247,
    0.0009858449921011925,
    0.002832802478224039,
    0.0020079542882740498,
    0.001001887139864266,
    0.0019567515701055527,
    0.0015368470922112465,
    0.001970198005437851
  ]
}